<?xml version="1.0" encoding="utf-8"?>
<plan>
  <id>4</id>
  <lang></lang>
  <title>Quảng cáo giữa</title>
  <form>sequential</form>
  <width>50</width>
  <height>50</height>
  <banners>
    <banners_item>
      <id>3</id>
      <title>Giỏ xách đang sale</title>
      <clid>1</clid>
      <file_name>offer.jpg</file_name>
      <imageforswf></imageforswf>
      <file_ext>jpg</file_ext>
      <file_mime>image/jpeg</file_mime>
      <file_width>700</file_width>
      <file_height>401</file_height>
      <file_alt></file_alt>
      <file_click>http://haiaustore.io/</file_click>
      <target>_blank</target>
      <bannerhtml>&lt;h3&gt;All new&lt;/h3&gt;&#13;
&#13;
&lt;h2&gt;Last Gen iPad Pro&lt;/h2&gt;&#13;
&#13;
&lt;div&gt;at discounted price. Hurry up!&lt;/div&gt;</bannerhtml>
      <publ_time>1632566580</publ_time>
      <exp_time>1640969999</exp_time>
    </banners_item>
  </banners>
</plan>
