<?xml version="1.0" encoding="UTF-8"?>
<cms>
	<extension>
		<id><![CDATA[19]]></id>
		<type><![CDATA[module]]></type>
		<name><![CDATA[banners]]></name>
		<version><![CDATA[4.5.00]]></version>
		<date><![CDATA[Sat, 17 Jul 2021 09:00:00 GMT]]></date>
		<new_version><![CDATA[]]></new_version>
		<new_date><![CDATA[]]></new_date>
		<author><![CDATA[VINADES <contact@vinades.vn>]]></author>
		<license><![CDATA[]]></license>
		<mode><![CDATA[sys]]></mode>
		<message><![CDATA[Module banners của hệ thống NukeViet]]></message>
		<link><![CDATA[https://nukeviet.vn/vi/store/modules/banners/]]></link>
		<support><![CDATA[https://nukeviet.vn/vi/store/modules/banners/]]></support>
		<updateable>
		</updateable>
		<origin><![CDATA[true]]></origin>
	</extension>
	<extension>
		<id><![CDATA[281]]></id>
		<type><![CDATA[module]]></type>
		<name><![CDATA[comment]]></name>
		<version><![CDATA[4.5.00]]></version>
		<date><![CDATA[Sat, 17 Jul 2021 09:00:00 GMT]]></date>
		<new_version><![CDATA[]]></new_version>
		<new_date><![CDATA[]]></new_date>
		<author><![CDATA[VINADES <contact@vinades.vn>]]></author>
		<license><![CDATA[]]></license>
		<mode><![CDATA[sys]]></mode>
		<message><![CDATA[Module Comment Module Comment]]></message>
		<link><![CDATA[https://nukeviet.vn/vi/store/modules/comment/]]></link>
		<support><![CDATA[https://nukeviet.vn/vi/store/modules/comment/]]></support>
		<updateable>
		</updateable>
		<origin><![CDATA[true]]></origin>
	</extension>
	<extension>
		<id><![CDATA[20]]></id>
		<type><![CDATA[module]]></type>
		<name><![CDATA[contact]]></name>
		<version><![CDATA[4.5.00]]></version>
		<date><![CDATA[Sat, 17 Jul 2021 09:00:00 GMT]]></date>
		<new_version><![CDATA[]]></new_version>
		<new_date><![CDATA[]]></new_date>
		<author><![CDATA[VINADES <contact@vinades.vn>]]></author>
		<license><![CDATA[]]></license>
		<mode><![CDATA[other]]></mode>
		<message><![CDATA[Module contact của hệ thống NukeViet]]></message>
		<link><![CDATA[https://nukeviet.vn/vi/store/modules/contact/]]></link>
		<support><![CDATA[https://nukeviet.vn/vi/store/modules/contact/]]></support>
		<updateable>
		</updateable>
		<origin><![CDATA[true]]></origin>
	</extension>
	<extension>
		<id><![CDATA[307]]></id>
		<type><![CDATA[theme]]></type>
		<name><![CDATA[default]]></name>
		<version><![CDATA[4.5.00]]></version>
		<date><![CDATA[Sat, 17 Jul 2021 09:00:00 GMT]]></date>
		<new_version><![CDATA[]]></new_version>
		<new_date><![CDATA[]]></new_date>
		<author><![CDATA[VINADES <contact@vinades.vn>]]></author>
		<license><![CDATA[]]></license>
		<mode><![CDATA[other]]></mode>
		<message><![CDATA[Giao diện mặc định]]></message>
		<link><![CDATA[https://nukeviet.vn/vi/store/themes/default/]]></link>
		<support><![CDATA[https://nukeviet.vn/vi/store/themes/default/]]></support>
		<updateable>
		</updateable>
		<origin><![CDATA[true]]></origin>
	</extension>
	<extension>
		<id><![CDATA[283]]></id>
		<type><![CDATA[module]]></type>
		<name><![CDATA[feeds]]></name>
		<version><![CDATA[4.5.00]]></version>
		<date><![CDATA[Sat, 17 Jul 2021 09:00:00 GMT]]></date>
		<new_version><![CDATA[]]></new_version>
		<new_date><![CDATA[]]></new_date>
		<author><![CDATA[VINADES <contact@vinades.vn>]]></author>
		<license><![CDATA[]]></license>
		<mode><![CDATA[sys]]></mode>
		<message><![CDATA[Module Feeds Module Feeds]]></message>
		<link><![CDATA[https://nukeviet.vn/vi/store/modules/feeds/]]></link>
		<support><![CDATA[https://nukeviet.vn/vi/store/modules/feeds/]]></support>
		<updateable>
		</updateable>
		<origin><![CDATA[true]]></origin>
	</extension>
	<extension>
		<id><![CDATA[29]]></id>
		<type><![CDATA[module]]></type>
		<name><![CDATA[menu]]></name>
		<version><![CDATA[4.5.00]]></version>
		<date><![CDATA[Sat, 17 Jul 2021 09:00:00 GMT]]></date>
		<new_version><![CDATA[]]></new_version>
		<new_date><![CDATA[]]></new_date>
		<author><![CDATA[VINADES <contact@vinades.vn>]]></author>
		<license><![CDATA[]]></license>
		<mode><![CDATA[other]]></mode>
		<message><![CDATA[Module menu của hệ thống NukeViet]]></message>
		<link><![CDATA[https://nukeviet.vn/vi/store/modules/menu/]]></link>
		<support><![CDATA[https://nukeviet.vn/vi/store/modules/menu/]]></support>
		<updateable>
		</updateable>
		<origin><![CDATA[true]]></origin>
	</extension>
	<extension>
		<id><![CDATA[1]]></id>
		<type><![CDATA[module]]></type>
		<name><![CDATA[news]]></name>
		<version><![CDATA[4.5.00]]></version>
		<date><![CDATA[Sat, 17 Jul 2021 09:00:00 GMT]]></date>
		<new_version><![CDATA[]]></new_version>
		<new_date><![CDATA[]]></new_date>
		<author><![CDATA[VINADES <contact@vinades.vn>]]></author>
		<license><![CDATA[]]></license>
		<mode><![CDATA[other]]></mode>
		<message><![CDATA[Module này được phát hành cùng hệ thống, luôn đi kèm trong các bản NukeViet mặc định.]]></message>
		<link><![CDATA[https://nukeviet.vn/vi/store/modules/news/]]></link>
		<support><![CDATA[https://nukeviet.vn/vi/store/modules/news/]]></support>
		<updateable>
		</updateable>
		<origin><![CDATA[true]]></origin>
	</extension>
	<extension>
		<id><![CDATA[0]]></id>
		<type><![CDATA[module]]></type>
		<name><![CDATA[newsnotice]]></name>
		<version><![CDATA[1.0.00]]></version>
		<date><![CDATA[Wed, 19 Mar 2014 13:32:54 GMT]]></date>
		<new_version><![CDATA[]]></new_version>
		<new_date><![CDATA[]]></new_date>
		<author><![CDATA[mynukeviet (contact@mynukeviet.com)]]></author>
		<license><![CDATA[]]></license>
		<mode><![CDATA[other]]></mode>
		<message><![CDATA[]]></message>
		<link><![CDATA[]]></link>
		<support><![CDATA[]]></support>
		<updateable>
		</updateable>
		<origin><![CDATA[false]]></origin>
	</extension>
	<extension>
		<id><![CDATA[282]]></id>
		<type><![CDATA[module]]></type>
		<name><![CDATA[page]]></name>
		<version><![CDATA[4.5.00]]></version>
		<date><![CDATA[Sat, 17 Jul 2021 09:00:00 GMT]]></date>
		<new_version><![CDATA[]]></new_version>
		<new_date><![CDATA[]]></new_date>
		<author><![CDATA[VINADES <contact@vinades.vn>]]></author>
		<license><![CDATA[]]></license>
		<mode><![CDATA[sys]]></mode>
		<message><![CDATA[Module Page Module Page Module Page]]></message>
		<link><![CDATA[https://nukeviet.vn/vi/store/modules/page/]]></link>
		<support><![CDATA[https://nukeviet.vn/vi/store/modules/page/]]></support>
		<updateable>
		</updateable>
		<origin><![CDATA[true]]></origin>
	</extension>
	<extension>
		<id><![CDATA[284]]></id>
		<type><![CDATA[module]]></type>
		<name><![CDATA[seek]]></name>
		<version><![CDATA[4.5.00]]></version>
		<date><![CDATA[Sat, 17 Jul 2021 09:00:00 GMT]]></date>
		<new_version><![CDATA[]]></new_version>
		<new_date><![CDATA[]]></new_date>
		<author><![CDATA[VINADES <contact@vinades.vn>]]></author>
		<license><![CDATA[]]></license>
		<mode><![CDATA[sys]]></mode>
		<message><![CDATA[Module Seek Module Seek Module Seek]]></message>
		<link><![CDATA[https://nukeviet.vn/vi/store/modules/seek/]]></link>
		<support><![CDATA[https://nukeviet.vn/vi/store/modules/seek/]]></support>
		<updateable>
		</updateable>
		<origin><![CDATA[true]]></origin>
	</extension>
	<extension>
		<id><![CDATA[0]]></id>
		<type><![CDATA[module]]></type>
		<name><![CDATA[shops]]></name>
		<version><![CDATA[4.3.00]]></version>
		<date><![CDATA[Tue, 18 Apr 2017 00:50:00 GMT]]></date>
		<new_version><![CDATA[]]></new_version>
		<new_date><![CDATA[]]></new_date>
		<author><![CDATA[VINADES <contact@vinades.vn>]]></author>
		<license><![CDATA[]]></license>
		<mode><![CDATA[other]]></mode>
		<message><![CDATA[]]></message>
		<link><![CDATA[]]></link>
		<support><![CDATA[]]></support>
		<updateable>
		</updateable>
		<origin><![CDATA[false]]></origin>
	</extension>
	<extension>
		<id><![CDATA[0]]></id>
		<type><![CDATA[module]]></type>
		<name><![CDATA[slider]]></name>
		<version><![CDATA[4.3.01]]></version>
		<date><![CDATA[Wed, 18 Apr 2018 16:59:59 GMT]]></date>
		<new_version><![CDATA[]]></new_version>
		<new_date><![CDATA[]]></new_date>
		<author><![CDATA[Việt Tí (quocvietposcovn@gmail.com)]]></author>
		<license><![CDATA[]]></license>
		<mode><![CDATA[other]]></mode>
		<message><![CDATA[]]></message>
		<link><![CDATA[]]></link>
		<support><![CDATA[]]></support>
		<updateable>
		</updateable>
		<origin><![CDATA[false]]></origin>
	</extension>
	<extension>
		<id><![CDATA[327]]></id>
		<type><![CDATA[module]]></type>
		<name><![CDATA[two-step-verification]]></name>
		<version><![CDATA[4.5.00]]></version>
		<date><![CDATA[Sat, 17 Jul 2021 09:00:00 GMT]]></date>
		<new_version><![CDATA[]]></new_version>
		<new_date><![CDATA[]]></new_date>
		<author><![CDATA[VINADES <contact@vinades.vn>]]></author>
		<license><![CDATA[]]></license>
		<mode><![CDATA[sys]]></mode>
		<message><![CDATA[two-step-verification two-step-verification]]></message>
		<link><![CDATA[https://nukeviet.vn/vi/store/modules/two-step-verification/]]></link>
		<support><![CDATA[https://nukeviet.vn/vi/store/modules/two-step-verification/]]></support>
		<updateable>
		</updateable>
		<origin><![CDATA[true]]></origin>
	</extension>
	<extension>
		<id><![CDATA[24]]></id>
		<type><![CDATA[module]]></type>
		<name><![CDATA[users]]></name>
		<version><![CDATA[4.5.00]]></version>
		<date><![CDATA[Sat, 17 Jul 2021 09:00:00 GMT]]></date>
		<new_version><![CDATA[]]></new_version>
		<new_date><![CDATA[]]></new_date>
		<author><![CDATA[VINADES <contact@vinades.vn>]]></author>
		<license><![CDATA[]]></license>
		<mode><![CDATA[sys]]></mode>
		<message><![CDATA[Module users của hệ thống NukeViet]]></message>
		<link><![CDATA[https://nukeviet.vn/vi/store/modules/users/]]></link>
		<support><![CDATA[https://nukeviet.vn/vi/store/modules/users/]]></support>
		<updateable>
		</updateable>
		<origin><![CDATA[true]]></origin>
	</extension>
</cms>